<?xml version="1.0" encoding="UTF-8" ?>
<!DOCTYPE mapper
    PUBLIC "-//mybatis.org//DTD Mapper 3.0//EN"
    "http://mybatis.org/dtd/mybatis-3-mapper.dtd">
    
<mapper namespace="com.zee.csm.dao.BaseDataItemsDao">
	<select id="getBaseDataItemsByParentId" resultType="BaseDataItems">
		select b.* from b_basedata_items b where b.parent_id=${parentId} order by sortorder
	</select>
	
	<select id="existItem" resultType="Integer">
		select count(*) from b_basedata_items where parent_id=#{parentId}
	</select>
	
	<insert id="insert" parameterType="BaseDataItems"  keyProperty="id">
		insert into b_basedata_items(name,parent_id,code,extend_json,description,sortorder,status,value)
		values(#{name},#{parentId},#{code},#{extendJson},#{description},#{sortorder},#{status},#{value})
	</insert>
	
	<select id="existName" parameterType="BaseDataItems" resultType="Integer">
		select count(*) from b_basedata_items where parent_id=#{parentId} and name=#{name} 
		<if test="id!=null">
			AND id !=#{id}
		</if>
	</select>
	
	<select id="existCode" parameterType="BaseDataItems" resultType="Integer">
		select count(*) from b_basedata_items where parent_id=#{parentId} and code=#{code} 
		<if test="id!=null">
			AND id !=#{id}
		</if>
	</select>
	
	<insert id="update" parameterType="BaseDataItems">
		update b_basedata_items set name=#{name},value=#{value},parent_id=#{parentId},code=#{code},extend_json=#{extendJson},description=#{description},sortorder=#{sortorder}
		where id=#{id}
	</insert>
	
	<delete id="delete">
		delete from b_basedata_items where id = #{id}
	</delete>
	
	<select id="getBaseDataItemByParentCode" resultType="Map">
		select i.* from b_basedata_items i,b_basedata_category c 
		where c.code=#{code} and i.parent_id=c.id order by sortorder
	</select>
</mapper>