<?xml version="1.0" encoding="UTF-8" ?>
<!DOCTYPE mapper
    PUBLIC "-//mybatis.org//DTD Mapper 3.0//EN"
    "http://mybatis.org/dtd/mybatis-3-mapper.dtd">
    
<mapper namespace="com.zee.csm.dao.BaseDataCategoryDao">
	<select id="getBaseDataCategoryByParentId" resultType="Map">
		select b.*,b.name text,'closed' state from b_basedata_category b where b.parent_id=${parentId} order by id,sortorder
	</select>
	
	<insert id="insert" parameterType="BaseDataCategory"  keyProperty="id">
		insert into b_basedata_category(name,parent_id,code,extend_json,description,sortorder,status)
		values(#{name},#{parentId},#{code},#{extendson},#{description},#{sortorder},#{status})
	</insert>
	
	<select id="existName" parameterType="BaseDataCategory" resultType="Integer">
		select count(*) from b_basedata_category where parent_id=#{parentId} and name=#{name} 
		<if test="id!=null">
			AND id !=#{id}
		</if>
		
	</select>
	
	<select id="existCode" parameterType="BaseDataCategory" resultType="Integer">
		select count(*) from b_basedata_category where parent_id=#{parentId} and code=#{code} 
		<if test="id!=null">
			AND id !=#{id}
		</if>
	</select>
	
	<insert id="update" parameterType="BaseDataCategory">
		update b_basedata_category set name=#{name},parent_id=#{parentId},code=#{code},extend_json=#{extendson},description=#{description},sortorder=#{sortorder}
		where id=#{id}
	</insert>
	
	<delete id="delete">
		delete from b_basedata_category where id = #{id}
	</delete>
	
	<select id="existChild" resultType="Integer">
		select count(*) from b_basedata_category where parent_id=#{parentId}
	</select>
	
	<select id="getBaseDataCategoryByParentCode" resultType="Map">
		select c.* from b_basedata_category c,b_basedata_category p where p.code=#{parentCode} and c.parent_id=p.id order by sortorder
	</select>
	
</mapper>